phase,qty,ref,part,description,why,price_chf,source,url,status,notes
1,1,U1,LILYGO T-SIM7080G-S3,ESP32-S3 N16R8 + SIM7080G + charger + 18650/JST + TF + SIM,One board replaces DevKitC + modem + level shifter + charger - ADR 0012,43.90,bastelgarage,https://www.bastelgarage.ch/lilygo-t-sim7080g-s3-mit-nb-iot-cat-m-und-gps,not ordered,CONFIRM PMU vs Standard variant. Includes IPEX LTE antenna
1,1,ENC,Hammond 1590DD,Die-cast alu 188x120x37 inside 183x113x32,The box - ADR 0011,27.91,distrelec,https://www.distrelec.ch/en/die-cast-enclosure-1590-188x120x37mm-die-cast-aluminium-natural-ip54-hammond-1590dd/p/15011796,not ordered,8 in stock 1-2 days
1,1,MK1,I2S MEMS mic module MSM261S4030H0,3.3V 1mA I2S,Reed contact switches its VDD directly,8.90,bastelgarage,https://www.bastelgarage.ch/i2s-mikrofon-modul,not ordered,INMP441 equivalent
1,1,U4,Adafruit MAX98357A,I2S class-D amp,From VBAT ~1.5W into 4 ohm. SD pin for gating,9.95,galaxus,https://galaxus.ch/de/s1/product/adafruit-i2s-3w-class-d-amplifier-breakout-max98357a-erweiterung-elektronikmodul-5998646,not ordered,~1 week at supplier
1,1,LS1,Speaker 4ohm 3W 40mm,17mm tall,Only one that fits 32mm inside,8.90,bastelgarage,https://www.bastelgarage.ch/lautsprecher-4ohm-3w-40mm,not ordered,
1,1,DS1,Adafruit NeoPixel ring 16,44.5mm OD WS2812,The child's display. Gate it,18.50,galaxus,https://www.galaxus.ch/en/s1/product/adafruit-neopixel-ring-16-x-ws2812-5050-rgb-led-diode-5998257,not ordered,ONLY 2 IN STOCK - order first
1,1,SW1,Magnetic door contact reed + magnet,NO 3W 330mm lead,Lid sensor and mic power switch - ADR 0007,4.90,bastelgarage,https://www.bastelgarage.ch/magnetischer-tur-fenster-kontakt,not ordered,
1,1,SW2,Illuminated arcade button 33mm,24mm hole ~33mm deep,Play button - side wall mount,14.90,galaxus,https://www.galaxus.ch/en/s1/product/purecrea-arcade-button-illuminated-33mm-green-buttons-switches-36704979,not ordered,Cheaper direct at bastelgarage
1,2,DS2-3,3mm LED + 220R,LINK and POWER status LEDs,Adults' channel - ADR 0009,2.00,any,,not ordered,
1,1,Q1,Logic-level MOSFET,Ring supply gate,~16mA dark otherwise,1.00,any,,not ordered,
2,1,SIM1,1NCE IoT Lifetime Flat,500MB 10yr EU+CH,No account to lapse,12.00,1nce.com,https://www.1nce.com/en-eu/1nce-connect/pricing,blocked,Confirm private ordering + LTE-M coverage at both addresses. Fallback Hologram
2,1,ANT1,Pigtail u.FL to bulkhead SMA female,30cm,Through the back wall,9.75,galaxus,https://www.galaxus.ch/en/s1/product/allnet-antenna-pigtail-ufl-to-sma-f-30cm-antenna-cable-antenna-satellite-cables-31824258,not ordered,Confirm it is a flange/bulkhead SMA
2,1,ANT2,Delock LTE/HSPA/GSM stub antenna SMA male,Hinged 24cm up to 4dBi,Outside the box,20.90,digitec,https://www.digitec.ch/de/s1/product/delock-ltehspagsm-antenne-sma-stecker-mobilfunk-antenne-netzwerk-zubehoer-5833613,not ordered,Take the LTE variant not the 13.50 3G/GSM one
3,1,BT1,Protected 18650 ~3000mAh with JST-PH 2.0 leads,NCR18650B-class,On the JST strapped down - ADR 0005,15.00,galaxus,https://www.galaxus.ch/de/s1/product/purecrea-li-ion-akku-3000ma-18650-mit-schutzelektronik-und-stecker-entwicklungsboard-kit-36169153,not ordered,Unavailable today - set notify. Buy after measuring idle current
3,2,J1,USB-C PSU 5V 2A,Mains adapter,One per house,10.00,galaxus,,not ordered,
4,1,HW,Piano hinge + M3 + catch magnet + acrylic disc + mesh + feet,Lid and windows,,15.00,hardware store,,not ordered,
